Sender,Recipient,Date
Sam Houston,J. Pinckney Henderson,December 31 1836
James Webb,Alc6e La Branche,May 27 1839
David G. Burnet,Richard G. Dunlap,June 3 1839
Nathaniel Amory,Richard G. Dunlap,July 24 1839
David G. Burnet,Richard G. Dunlap,August 19 1839
T. Dunlap,Richard G. Dunlap,September 28 1839
Nathaniel Amory,Richard G. Dunlap,October 25 1839
John Emberson,Albert Sidney Johnston,September 2 1839
David G. Burnet,Alc6e La Branche,November 29 1839
David G. Burnet,Alc6e La Branche,December 3 1839
David G. Burnet,Alc6e La Branche,December 7 1839
William Scurlock,David G. Burnet,November 30 1839
William M. Williams,David G. Burnet,November 30 1839
D. Rowlett,David G. Burnet,undated 61
David G. Burnet,Alc6e La Branche,December 16 1839
David G. Burnet,Alc6e La Branche,December 17 1839
David G. Burnet,Alc6e La Branche,December 20 1839
D. Rowlett,David G. Burnet,January 5 1840
David G. Burnet,Richard G. Dunlap,January 20 1840
Abner S. Lipscomb,Alc6e La Branche,April 1 1840
Abner S. Lipscomb,James Hamilton and A. T. Bumley,August 15  1840
Joseph Waples,Barnard E. Bee,September 19 1840
Abner S. Lipscomb,Geo. H. Flood,December 13 1840
Joseph Waples,Nathaniel Amory,January 5 1841
Joseph Waples,Geo. H. Flood,January 28 1841
Joseph Waples,Geo. H. Flood,February 2 1841
Joseph Waples,Geo. H. Flood,February 3 1841
James S. Mayfield,Geo. H. Flood,February 12 1841
James S. Mayfield,Barnard E. Bee,February 17 1841
James S. Mayfield,Barnard E. Bee,March 22 1841
Geo. H. Flood,James S. Mayfield,March 25 1841
James S. Mayfield,Geo. H. Flood,March 29 1841
Geo. H. Flood,James S. Mayfield,March 31 1841
James S. Mayfield,Barnard E. Bee,April 20 1841
James S. Mayfield,Nathaniel Amory,April 24 1841
Samuel A. Roberts,Barnard E. Bee,June 21 1841
Samuel A. Roberts,Barnard E. Bee,July 8 1841
Samuel A. Roberts,Joseph Eve,August 11 1841
Samuel A. Roberts,Joseph Eve,August 17 1841
Samuel A. Roberts,Barnard E. Bee,September 7 1841
Sam Houston,Joseph Eve,July 30 1842
Sam Houston,A. B. Roman,September 12 1842
Sam Houston,A. B. Roman,October 29 1842
Isaac Van Zandt,Anson Jones,January 11 1843
Joseph Eve,Anson Jones,January 11 1843
Isaac Van Zandt,Anson Jones,January 20 1843
J. C. Spencer,Isaac Van Zandt,January 17 1843
T. Hartley Crawford,Wm. Armstrong,January 12 1843
R. Jones,W. Davenport and G. Loomis,January 13 1843
Isaac Van Zandt,Anson Jones,January 25 1843
Joseph Eve,Anson Jones,January 26 1843
M. E. Hale,Joseph Eve,December 27 1842
Anson Jones,Isaac Van Zandt,January 31 1843
Anson Jones,Joseph Eve,February 5 1843
Anson Jones,Isaac Van Zandt,February 10 1843
Wm. Henry Daingerfield,Anson Jones,February 14 1843
Anson Jones,Isaac Van Zandt,February 16 1843
Sam Houston,Joseph Eve,February 17 1843
Joseph Eve,Joseph Waples,February 27 1843
Joseph Eve as charg^,Texaa,June 15 1841
Wm. Henry Daingerfield,Anson Jones,March 10 1843
Joseph Eve,Anson Jones,March 13 1843
Isaac Van Zandt,Anson Jones,March 13 1843
' Daniel Webster,Isaac Van Zandt,March 11 1843
Isaac Van Zandt,William S. Archer,January 10 1843
Isaac Van Zandt,Anson Jones,April 5 1843
Isaac Van Zandt,Daniel Webster,March 23 1843
Joseph Eve,Anson Jones,April 13 1843
Isaac Van Zandt,Anson Jones,April 19 1843
Isaac Van Zandt,Anson Jones,April 21 1843
Anson Jones,Joseph Eve,April 22 1843
Joseph Eve,Anson Jones,April 28 1843
Reuben M. Potter,A. M. Green,March 10 1843
A. M. Green,Joseph Eve,March 17 1843
Isaac Van Zandt,Anson Jones,May 3 1843
Sam Houston,Joseph Eve,May 6 1843
Anson Jones,Isaac Van Zandt,May 8 1843
Anson Jones,Isaac Van Zandt,May 9 1843
Joseph W. Robertson,Anson Jones,April 20 1843
Charles H. Raymond,Anson Jones,May 12 1843
Anson Jones,Joseph Eve,May 16 1843
Anson Jones,Joseph Eve,May 17 1843
Anson Jones,Isaac Van Zandt,June 1 1843
Jesse Benton,Anson Jones,May 1 1843
Isaac Van Zandt,Anson Jones,June 5 1843
Anson Jones,Isaac Van Zandt,June 8 1843
Joseph Eve,President of Texas [Houston],June 10 1843
Anson Jones,Isaac Van Zandt,June 15 1843
Isaac Van Zandt,Anson Jones,June 29 1843
Anson Jones,Isaac Van Zandt,July 6 1843
Anson Jones,Isaac Van Zandt,July 7 1843
Isaac Van Zandt,Anson Jones,August 10 1843
Isaac Van Zandt,Anson Jones,August 15 1843
J. M. Porter,H. S. Legar^,May 11 1843
William Armstrong,T. H. Crawford,April 10 1843
William Armstrong,T. H. Crawford,203
Charles H. Raymond,Anson Jones,August 20 1843
Isaac Van Zandt,Anson Jones,August 31 1843
Isaac Van Zandt,Anson Jones,September 18 1843
Isaac Van Zandt,Anson Jones,September 18 1843
Anson Jones,Isaac Van Zandt,September 29 1843
M. C. Hamilton,Jacob Snively,February 16 1843
Jacob Snively,Geo. W. HUl,July 9 1843
Isaac Van Zandt,Anson Jones,October 16 1843
Isaac Van Zandt,Anson Jones,November 4 1843
Isaac Van Zandt,Anson Jones,November 30 1843
W. S. Murphy,Anson Jones,December 1 1843
Anson Jones,Isaac Van Zandt,December 13 1843
W. S. Murphy,Anson Jones,December 24 1843
Isaac Van Zandt,Anson Jones,January 2 1844
Isaac Van Zandt,Anson Jones,January 20 1844
A. P. Upshur,Isaac Van Zandt,January 16 1844
Anson Jones,Isaac Van Zandt,January 27 1844
Anson Jones,J. Pinckney Henderson,February 15 1844
Anson Jones,W. S. Murphy,February 16 1844
Isaac Van Zandt,Anson Jones,February 22 1844
J. H. Brower,Isaac Van Zandt,January 31 1844
Isaac Van Zandt,A. P. Upshur,February 21 1844
Anson Jones,Isaac Van Zandt,February 24 1844
Anson Jones,Van Zandt and Henderson,February 25 1844
Isaac Van Zandt,Anson Jones,March 5 1844
Isaac Van Zandt,Anson Jones,March 20 1844
Isaac Van Zandt,Anson Jones,March 22 1844
Isaac Van Zandt,Anson Jones,March 25 1844
Anson Jones,Isaac Van Zandt,March 26 1844
Anson Jones,Isaac Van Zandt,April 6 1844
Anson Jones,Isaac Van Zandt,April 12 1844
Van Zandt and Henderson,Anson Jones,April 12 1844
Sam Houston,Van Zandt and Henderson,April 16 1844
Sam Houston,Van Zandt and Henderson,April 29 1844
Anson Jones,Van Zandt and Henderson,May 2 1844
Sam Houston,Van Zandt and Henderson,May 10 1844
Isaac Van Zandt,Anson Jones,May 11 1844
Sam Houston,Van Zandt and Henderson,May 17 1844
Van Zandt and Henderson,Anson Jones,May 25 1844
Van Zandt and Henderson,Anson Jones,June 10 1844
Isaac Van Zandt,Anson Jones,June 13 1844
Van Zandt and Henderson,Anson Jones,June 15 1844
Isaac Van Zandt,Anson Jones,June 18 1844
Isaac Van Zandt,Anson Jones,July 6 1844
Anson Jones,Isaac Van Zandt,July 13 1844
A. M. Green,Anson Jones,July 14 1844
Anson Jones,A. M. Green,July 22 1844
Anson Jones,Charles H. Raymond,July 29 1844
Anson Jones,Charles H. Raymond,August 6 1844
Isaac Van Zandt,Anson Jones,August 8 1844
J. H. Brower,Isaac Van Zandt,July 27 1844
Isaac Van Zandt,Anson Jones,August 16 1844
Wm. Wilkins,John C. Calhoun,April 24 1844
D. Parker,John C. Calhoun,June 27 1844
R. Jones,the Secretary of War [of the United States],June 27 1844
R. Jones,Zachary Taylor,March 11 1844
Zachary Taylor,AdjutantrGeneral [R. Jones],April 2 1844
G. Loomis,W. W. S. Bliss,April 20 1843
Isaac Van Zandt,Anson Jones,August 19 1844
J. H. Brower,Isaac Van Zandt,August 16 1844
Isaac Van Zandt,Anson Jones,September 11 1844
Charles H. Raymond,Anson Jones,September 12 1844
Charles H. Raymond,Anson Jones,September 19 1844
Charles H. Raymond,Anson Jones,October 1 1844
Anson Jones,James Reily,October 16 1844
Anson Jones,Charles H. Raymond,October 24 1844
Charles H. Raymond,Anson Jones,November 27 1844
A. J. Donelson,Anson Jones,December 2 1844
M.S. CucuUu,John C. Spencer,April 26 1844
Balie Peyton,M. S. CucuUu,April 26 1844
Charles H. Raymond,Secretary of State of Texas [Jones],December
John C. Calhoun,Charles H. Raymond,December 2 1844
Charles H. Raymond,John C. Calhoun,December 2 1844
A. J. Donelson,Anson Jones,December 6 1844
Anson Jones,A. J. Donelson,December 7 1844
A. J. Donelson,Secretary of State [Allen;. arf interim],December 10 1844
Ebenezer Allen,A. J. Donelson,December 11 1844
A. J. Donelson,Ebenezer Allen,December 13 1844
Charles H. Raymond,the Secretary of State of Texas [Allen],undated
John C. Calhoun,Charles H. Raymond,December 23 1844
Charles H. Raymond,John C. Calhoun,December 27 1844
Ebenezer Allen,A. J. Donelson,January 4 1845
Charles H. Raymond,Ebenezer Allen,January 4 1845
A. J. Donelson,Ebenezer Allen,January 6 1845
Ebenezer Allen,Charles H. Raymond,January 10 1845
Charles H. Raymond,Ebenezer Allen,January 11 1845
Ebenezer Allen,Charles H. Raymond,January 16 1845
Charles H. Raymond,Ebenezer Allen,January 16 1845
Ebenezer Allen,Charles H. Raymond,January 20 1845
A. J. Donelson,Ebenezer Allen,January 20 1845
Duff Green,A. J. Donelson,January 20 1845
Williams; Thurston,and Meggerson; Duff Green,January 1 1845
A. J. Donelson,Ebenezer Allen,January 21 1845
Ebenezer Allen,A. J. Donelson,January 21 1845
Charles H. Raymond,Ebenezer Allen,January 27 1845
John C. Calhoun,Charles H. Raymond,January 22 1845
Charles H. Raymond,Ebenezer Allen,February 6 1845
Charles H. Raymond,John C. Calhoun,February 6 1845
Ashbel Smith,A. J. Donelson,February 10 1845
Ashbel Smith,Charles H. Raymond,February 11 1845
Charles H. Raymond,Ebenezer Allen,February 18 1845
Charles H. Raymond,John C. Calhoun,February 10 1845
Charles H. Raymond,John C. Calhoun,February 11 1845
Charles H. Raymond,Ebenezer Allen,February 21 1845
Charles H. Raymond,Ebenezer Allen,February 28 1845
Ashbel Smith,Charles H. Raymond,March 21  1845
Ashbel Smith,Stewart Newell,March 24 1845
Charles H. Raymond,Ashbel Smith,March 31 1845
A. J. Donelson,Ebenezer Allen,April 7 1845
Charles H. Raymond,Ebenezer Allen,April 30 1845
Charles H. Raymond,Ebenezer Allen,May 19 1845
Ebenezer Allen,David S. Kaufman,July 10 1845
Ebenezer Allen,David S. Kaufman,July 10 1845
Anson Jones,James K. Polk,July 12 1845
Ebenezer Allen,William D. Lee,August 2 1845
T. Hartley Crawford,Andrew J. Donelson,July 29 1845
E. A. Rhodes,Ebenezer Allen,August 21 1845
J. Y. Mason,E. A. Rhodes,August 7 1845
E. A. Rhodes,Ebenezer Allen,August 21 1845
Anson Jones,Zachary Taylor,August 23 1845
Ebenezer Allen,E. A. Rhodes,August 30 1845
William D. Lee,Ebenezer Allen,September 8 1845
James Buchanan,William D. Lee,September 6 1845
William D. Lee,James Buchanan,September 8 1845
David S. Kaufman,Ebenezer Allen,September 30 1845
David S. Kaufman,James Buchanan,September 23 1845
William D. Lee,Ebenezer Allen,October 8 1845
Ebenezer Allen,David S. Kaufman,October 15 1815
William D. Lee,Ebenezer Allen,October 21 1845
W. L. Marcy,David S. Kaufman,October 10 1845
David S. Kaufman,Ebenezer Allen,November 3 1845
William D. Lee,Ebenezer Allen,November 8 1845
William D. Lee,James Buchanan,November 6 1845
Anson Jones,James K. Polk,November 12 1845
Joseph C. Eldredge,E. A. Rhodes,November 29 1845
Anson Jones,James K. Polk,February 16 1846
R. J. Walker,Hiram G. Runnels,March 25 1846
David G. Burnet,Anto. Lopez de Santa Anna,May 17 1836
David G. Burnet,Anto. Lopez de Santa Anna,May 19 1836
David G. Burnet,Anto. Lopez de Santa Anna,May 20 1836
David G. Burnet,Anto. Lopez de Santa Anna,May 20 1836
Anto. Lopez de Santa Anna,David G. Burnet,June 4 1836
Anto. Lopez de Santa Anna,David G. Burnet,June 8 1836
Anto. Lopez de Santa Anna,David G. Burnet,June 8 1836
Anto. Lopez de Santa Anna,Sam Houston,October 24 1836
Stephen F. Austin,Fran. Pizarro Martinez,November 30 1836
Geo. W. Hockley,Sam Houston,December 13 1836
Geo. W. Hockley,Sam Houston,December 13 1836
Barnard E. Bee,Sam Houston,December 14 1836
Fran. Pizarro Martinez,Stephen F. Austin,December 29 1836
A. J. Yates,Stephen F. Austin,January 4 1837
Correspondent in Tampico,T. Toby,January 7 1837
Correspondent in Tampico,T. Toby,January 26 1837
Antonio Canales,Mirabeau B. Lamar,December 17 1838
James Webb,Barnard E. Bee,February 20 1839
Barnard E. Bee,James Webb,undated 437
James Webb,Barnard E. Bee,March 7 1839
Barnard E. Bee,James Webb,April 1 1839
Barnard E. Bee,James Webb,April 6 1839
Barnard E. Bee,James Webb; April 7 1839,
Barnard E. Bee,James Webb,iindated 440
Barnard E. Bee,James Webb,April 18 1839
Barnard E. Bee,James Webb,April 30 1839
Barnard E. Bee,James Webb,May 1 1839
Barnard E. Bee,James Webb,May 9 1839
Barnard E. Bee,James Webb,May 13 1839
Geo. L. Hammeken,James Hamilton,May 19 1839
Geo. L. Hammeken,James Webb,May 20 1839
Barnard E. Bee,James Webb,May 24 1839
Barnard E. Bee,James Webb,May 28 1839
James Hamilton,Mirabeau B. Lamar,June 22 1839
J. R. Poinsett,James Hamilton,May 31 1839
James Hamilton,Mirabeau B. Lamar,June 28 1839
James Hamilton,R. Copeland,June 29 1839
Barnard E. Bee,James Webb,June 1839
Barnard E. Bee,James Webb,July 5 1839
Barnard E. Bee,James Webb,July 6 1839
James Hamilton,Mirabeau B. Lamar,July 8 1839
Barnard E. Bee,James Webb,July 9 1839
Barnard E. Bee,James Webb,undated 462
Barnard E. Bee,James Webb,July 1839
James Webb,Barnard E. Bee,July 11 1839
Barnard E. Bee,James Webb,July 24 1839
BaniaxdE. Bee,James Webb,July 26 1839
Barnard E. Bee,[Lamar],July [?] 3839 467
James Hamilton,Mirabeau B. Lamar,August 1 1839
Mirabeau B. Lamar,James Treat,August 9 1839
David G. Burnet,James Treat,August 9 1839
Barnard E. Bee,David G. Burnet,August 13 1839
Jacob Barker,Barnard E. Bee,August 32 1839
James Treat,David G. Burnet,August 33 3839
David G. Burnet,James Treat,August 19 1839
James Treat,Mirabeau B. Lamar,September 3 1839
James Treat,David G. Burnet,September 3 1839
James Treat,David G. Burnet,September 10 1839
James Treat,David G. Burnet,September 18 1839
James Treat,Mirabeau B. Lamar,September 18 1839
A Friend of Treat in Mexico,a Friend of Treat in New Orleans [Vitalba],undated
A Friend of Treat in New Orleans [Vitalba],James Treat,September
James Treat,David G. Burnet,September 21 1839
James Treat,David G. Burnet,Octobers 1839
James Treat,David G. Burnet,October 10 1839
James Treat,David G. Burnet,October 23 1839
A. S. Wright,Wm. Bryan,November 21 1839
James Treat,David G. Burnet,November 28 1839
James Treat,David G. Burnet,November 29. 1839 501
A. S. Wright,William Bryan,December 7 1839
Juan de Dies Cafiedo,R. Pakenham,December 11 1839
James Treat,Mirabeau B. Lamar,December 12 1839
James Treat,Mirabeau B. Lamar,December 12 1839
James Treat,James Hamilton,December 16 1839
James Treat,Mirabeau B. Lamar,December 20 1839
David G. Burnet,James Hamilton,December 23 1839
A. S. Wright,Wm. Bryan,December 25 1839
A. S. Wright,John Merle,December25 1839
A. S. Wright,Wm. Bryan,December 27 1839
James Treat,Mirabeau B. Lamar,December 31 1839
James Hamilton,David G. Burnet,January 7 1840
James Treat,Mirabeau B. Lamar,January 7 1840
James Treat,Mirabeau B. Lamar,January 18 1840
James Treat,Mirabeau B. Lamar,January 22 1840
James Treat,Mirabeau B. Lamar,January 31 1840
James Treat,Mirabeau B. Lamar,February 1 1840
James Treat,Mirabeau B. Lamar,February 4 1840
Abner S. Lipscomb,Barnard E. Bee,February 6 1840
James Treat,Mirabeau B. Lamar,February 6 1840
James Treat,Mirabeau B. Lamar,February 7 1840
James Treat,Juan de Dios Cafiedo,January 24 1840
James Treat,Juan de Dios Cafiedo,January 24 1840
James Treat,Juan de Dios Cafiedo,February 7 1840
James Treat,Mirabeau B. Lamar,February 8/ 1840 559
James Treat,Mirabeau B. Lamar,February 8 1840
James Treat,Mirabeau B. Lamar,February 15 1840
James Treat,Mirabeau B. Lamar,February 21 1840
James Treat,Juan de Dios Cafiedo,January 24 1840
James Treat,Juan Nepomuceno Almonte,January 24 1840
James Treat,Juan de Dios Cafiedo,February 4 1840
James Treat,Juan de Dios Cafiedo,February 10 1840
James Treat,Juan de Dios Cafiedo,February 12 1840
James Treat,Mirabeau B. Lamar,February 22 1840
James Treat,Mirabeau B. Lamar,February 29 1840
David G. Burnet,James Treat,March 12 1840
David G. Burnet,R. Pakenham,March 12 1840
David G. Burnet,R. Pakenham,March 12 1840
James Treat,Mirabeau B. Lamar,March 25 1840
James Treat,Mirabeau B. Lamar,March 27 1840
Propositions of Texas,Mexico,March 21 1840
James Treat,Mirabeau B. Lamar,March 31 1840
Abner S. Lipscomb,James Treat,April 1 1840
Abner S. Lipscomb,Hamilton and Burnley,April 1 1840
James Treat,Secretary of State [Lipscomb],April 10 1840
Jas. Ogilvy,R. Pakenham,August 20 1839
Jas. Ogilvy,R. Pakenham,August 20 1839
James Treat,Mirabeau B. Lamar,April 10 1840
James Treat,Mirabeau B. Lamar,April 10 1840
Correspondent at Vera Cruz,David G. Burnet,April 16 1840
James Treat,Mirabeau B. Lamar,April 21 1840
James Treat,Juan de Dios Cafiedo,April 20 1840
A. S. Wright,Barnard E. Bee,Februarys 1840
Barnard E. Bee,Secretary of State [Lipscomb],April 21 1840
James Treat,Mirabeau B. Lamar,April 24 1840
R. Pakenham,David G. Burnet,April 25 1840
James Treat,Mirabeau B. Lamar,April 30 1840
A. S. Wright,Barnard E. Bee,August 29 1839
A. S. Wright,Barnard E. Bee,November 10 1839
A. S. Wright,Barnard E. Bee,November —  1839
A. S. Wright,Barnard E. Bee,November 18 1839
Barnard E. Bee,Secretary of State [Lipscomb],April 30 1840
Abner S. Lipscomb,James Hamilton,May 4 1840
Abner S. Lipscomb,James Treat,May 7 1840
James Treat,Mirabeau B. Lamar,May 7 1840
James Treat,Mirabeau B. Lamar,May 28 1840
James Treat,James Ritchie,June 3 1840
James Treat,Mirabeau B. Lamar,June 3 1840
James Treat,Mirabeau B. Lamar,June 6 1840
Abner S. Lipscomb,James Treat,June 13 1840
James Treat,Mirabeau B. Lamar,June 14 1840
James Treat,Abner S. Lipscomb,June 19 1840
Mirabeau B. Lamar,E. W. Moore,June 20 1840
A. S. Wright,Barnard E. Bee,June 25 1840
A. S. Wright,Barnard E. Bee,July 1 1840
James Treat,Abner S. Lipscomb,July 4 1840
James Treat,Mirabeau B. Lamar,July 4 1840
James Treat,Juan de Dios Cafiedo,June 20 1840
Barnard E. Bee,James Treat,April 28 1840
James Treat,Abner S. Lipscomb,July 13 1840
James Treat,Mirabeau B. Lamar,July 13 1840
James Treat,Mirabeau B. Lamar,July 23 1840
James Treat,Abner S. Lipscomb,August 11 1840
James Treat,Mirabeau B. Lamar,August 11 1840
A. S. Wright,Barnard E. Bee,July 27 1840
A. S. Wright,Barnard E. Bee,August 18 1840
James Treat,Mirabeau B. Lamar,August 21 1840
James Treat,Abner S. Lipscomb,August 21 1840
James Treat,E. W. Moore,August 21 1840
E. W. Moore,James Treat,August 25 1840
E. W. Moore,Mirabeau B. Lamar,August 28
E. W. Moore,Abner S. Lipscomb,August 28 1840
James Treat,Abner S. Lipscomb,September 7 1840
Memorandum communicated by Treat,Mexican Government,Septem-
Abner S. Lipscomb,James Treat,September 15 1840
James Treat,Abner S. Lipscomb,September 29 1840
Agent of Texas [Treat],Secretary of State of Mexico [Cafledo],Septem-
James Treat,Abner S. Lipscomb,October 6 1840
James Treat,Abner S. Lipscomb,October 17 1840
James Treat,Abner S. Lipscomb,October 25 1840
E. W. Moore,James Treat,October 29 1840
E. W. Moore,Joaquin Rivas Sayas,October 16 1840
Joaquin Rivas Sayas,E. W. Moore,October 17 1840
Nathaniel Amory,Abner S. Lipscomb,November 27 1840
Juan N. Leplicher,Nathaniel Amory,October 17 1840
A. S. Wright,Nathaniel Amory,October 17 1840
Juan Vitalba,Mirabeau B. Lamar,December 8 1840
James Treat,R. Pakenham,October 10 1840
James Treat,R. Pakenham,October 14 1840
James Treat,R. Pakenham,October 14 1840
R. Pakenham,James Treat,September 29 1840
Juan de Dies Cafiedo,R. Pakenham,September 26 1840
R. Pakenham,James Treat,October 14 1840
R. Pakenham,James Treat,October 15 1840
R. Pakenham,James Treat,October 21 1840
R. Pakenham,James Treat,November 5 1840
James Treat,E. W. Moore,October 6 1840
James Treat,E. W. Moore,September 30 1840
A. S. Wright,Mirabeau B. Lamar,March 18 1841
James S. Mayfield,James Webb,March 22 1841
Samuel A. Roberts,Cooke and others,June 15 1841
Samuel A. Roberts,Wm. G. Cooke,June 15 1841
Samuel A. Roberts,Rafael Uribe,June 23 1841
Samuel A. Roberts,Van Ness and Morris,June 24 1841
Mirabeau B. Lamar,Mariano Arista,June 24 1841
James Webb,James S. Mayfield,June 29 1841
James Webb,Ignacio de Mora,May 31 1841
Ignacio de Mora,James Webb,May 31 1841
James Webb,R. Pakenham,June 1 1841
R. Pakenham,James Webb,June 10 1841
Sebastian Canacho,R. Pakenham,June 8 1841
R. Pakenham,James S. Mayfield,June 10 1841
James Webb,R. Pakenham,June 16 1841
James Webb,Mirabeau B. Lamar,June 29 1841
Samuel A. Roberts,James Webb,July 7 1841
John D. Morris,Samuel A. Roberts,September 13 1841
John D. Morris,Samuel A. Roberts,September 30 1841
Van Ness and Morris,Rafael Uribe,July 18 1841
Van Ness and Morris,Carrasco,July 25 1841
Van Ness and Morris,Mariano Arista,August 6 1841
Mariano Arista,Van Ness and Morris,August 8 1841
Brenham and Cooke,Secretary of State [Roberts],November 9 1841
Anson Jones,James Hamilton,December 26 1842
Sam Houston,Secretary of State Jones,June 10 1843
Sam Houston,*Hockley and Williams,February 3 1843
G. W. Hill,Adrian Woll,July 29 1844
Reuben M. Potter,Ashbel Smith,March 18 1845
Mirabeau B. Lamar,Governor of Yucatan,July 20 1841
Miguel Barbachano,Mirabeau B. Lamar,August 24 1841
Martin F. Peraza,Samuel A. Roberts,September 11 1841
Samuel A. Roberts,Martin F. Peraza,September 13 1841
Martin F. Peraza,Samuel A. Roberts,September 18 1841
E. W. Moore,PedrffLemus,January 13 1842
Pedro Lemus,E. W. Moore,January 14 1842
Joaquin G. Rej6n,Secretary of State [Waples; acting],January 18 1842
Joaquin G. Rej6n,Secretary of State [Waples; acting],January 18 1842
Instructions,Peraza,August 24 1841
Joaquin G. Rej6n,President of Texas,April 9 1842
Pedro Lemus,Secretary of State [Rej6n],April 8 1842
R. A. Irion,J. Pinckney Henderson,June 25 1837
J. Pinckney Henderson,Secretary of State [Irion],July 24 1837
R. A. Irion,J. Pinckney Henderson,August 23 1837
J. Pinckney Henderson,Secretary of State [Irion],October 14 1837
J. Pinckney Henderson,Lord Palmerston,October 11 1837
Lord Palmerston,J. Pinckney Henderson,October 12 1837
J. Pinckney Henderson,Lord Palmerston,October 12 1837
J. Pinckney Henderson,R. A. Irion,November 5 1837
J. Pinckney Henderson,Lord Palmerston,October 26 1837
Lord Palmerston,J. Pinckney Henderson,October 31 1837
J. Pinckney Henderson,Lizardi <k Co.,October 16 1837
J. Pinckney Henderson,R. A. Irion,December 22 1837
J. Pinckney Henderson,Lord Palmerston,December 6 1837
J. Pinckney Henderson,Lord Palmerston,December 15 1837
Lord Palmerston,J. Pinckney Henderson,December 18 1837
R. A. Irion,J. Pinckney Henderson,January 6 1838
J. Pinckney Henderson,R. A. Irion,January 5 1838
J. Pinckney Henderson,R. A. Irion,January 30 1838
J. Pinckney Henderson,Lord Palmerston,December 29 1837
J. Pinckney Henderson,Lord Palmerston,January 16 1838
J. Pinckney Henderson,Lord Palmerston,January 22 1838
Lord Palmerston,J. Pinckney Henderson,January 23 1838
R. A. Irion,Agent of Lloyds,March 8 1838
R. A. Irion,J. Pinckney Henderson,March 20 1838
J. Pinckney Henderson,R. A. Irion,April 12 1838
J. Pinckney Henderson,Lord Palmerston,February 12 1838
Lord Palmerston,J. Pinckney Henderson,February 12 1838
J. Pinckney Henderson,Lord Palmerston,March 16 1838
J. Pinckney Henderson,Lord Palmerston,April 5 1838
Lord Palmerston,J. Pinckney Henderson,April 6 1838
J. Pinckney Henderson,Lord Palmerston,April 10 1838
Lord Palmerston,J. Pinckney Henderson,April 11 1838
R. A. Irion,J. Pinckney Henderson,May 20 1838
R. A. Irion,J. Pinckney Henderson,June 6 1838
R. A. Irion,J. Pinckney Henderson,November 28 1838
James Hamilton,H. S. Fox,May 20 1839
H. S. Fox,James Hamilton,May22 1839
David G. Burnet,J. Pinckney Henderson,June 16 1839
David G. Burnet,James Hamilton,August 19 1839
J. Pinckney Henderson,Secretary of State [Burnet],October 16 1839
J. Pinckney Henderson,Secretary of State [Burnet],November 24 1839
J. Pinckney Henderson,Secretary of State [Burnet],November 27 1839
James Hamilton,David G. Burnet,January 5 1840
R. Pakenham,James Hamilton,December 12 1839
James Hamilton,R. Pakenham,January 2 1840
Jamee HamUton,R. Pakenham,January 3 1840
James Buchanan,E. W. Moore,January 7 1840
E. W. Moore,James Buchanan,January 8 1840
James Hamilton,Abner S. Lipscomb,February 25 1840
James Hamilton,Lord Palmerston,February 10 1840
James Treat,Mirabeau B. Lamar,April 29 1840
James Treat,Abner S. Lipscomb,April 29 1840
R. Pakenham,James Treat,April 26 1840
James Treat,R. Pakenham,April 28 1840
Abner S. Lipscomb,R. Pakenham,June 6 1840
John Taylor,Mirabeau B. Lamar,July 28 1840
James Hamilton,Abner S. Lipscomb,October 3 1840
Mirabeau B. Lamar,Lord Russell,October 12 1840
Joseph Waples,Wm. Bryan,October 12 1840
James Hamilton,Abner S. Lipscomb,October 19 1840
Geo. S. Mcintosh,Mirabeau B. Lamar,October 22 1840
James Hamilton,Abner S. Lipscomb,November 1  1840
James Hamilton,Lord Palmerston,November 5 1840
Abner S. Lipscomb,Wm. Bryan,November 18 1840
James Hamilton,Mirabeau B. Lamar,December 3 1840
James Hamilton,Monroe Edwards,November 23 1840
Lord Palmerston,James Hamilton,December 2 1840
James Hamilton,Abner S. Lipscomb,December 3 1840
James Hamilton,Abner S. Lipscomb,December 3 1840
Hamilton and Burnley,James H. Starr,December 3 1840
James Hamilton,Abner S. Lipscomb,January 4 1841
James Hamilton,Lord Palmerston,October 1 1840
Lord Palmerston,James Hamilton,October 18 1840
James Hamilton,Mirabeau B. Lamar,January 4 1841
Lord Palmerston,James Hamilton,January 2 1841
James S. Mayfield,James Hamilton,February 12 1841
James S. Mayfield,James Hamilton,February 12 1841
A. T. Biimley,David G. Burnet,February 21 1841
Arthur Ikin,James S. Mayfield,May 18 1841
James Hamilton,James S. Mayfield,May 18 1841
Samuel A. Roberts,James Hamilton,July 5 1841
John Crawford,Mirabeau B. Lamar,July 30 1841
Lord Palmerston,Mirabeau B. Lamar,April 8 1841
James Hamilton,Samuel A. Roberts,September 3 1841
Anson Jones,James Hamilton,January 26 1842
James Hamilton,Anson Jones,February 8 1842
James Hamilton,Anson Jones,February 14 1842
James Hamilton,Nathaniel Amory,February 8 1842
James Hamilton,Anson Jones,February 18 1842
James Hamilton,Anson Jones,March 4 1842
Anson Jones,Ashbel Smith,March 9 1842
Arthur Ikin,Anson Jones,March 15 1842
Anson Jones,Ashbel Smith,April 4 1842
Geo. Fisher,Anson Jones,April 25 1842
Ashbel Smith,Anson Jones,May 17 1842
Ashbel Smith,Anson Jones,June 3 1842
Ashbel Smith,Anson Jones,June 3 1842
Anson Jones,Ashbel Smith,June 7 1842
Ashbel Smith,Anson Jones,June 18 1842
Ashbel Smith,Anson Jones,June 18 1842
Lord Aberdeen,Secretary of State of Texas [Jones],June 28 1842
Ashbel Smith,Anson Jones,July 3 1842
Ashbel Smith,Anson Jones,July 4 1842
Ashbel Smith,Lord Aberdeen,July 1 1842
Ashbel Smith,Anson Jones,July 11 1842
Ashbel Smith,Edward Everett,May 12 1842
Edward Everett,Ashbel Smith,May 12 1842
Edward Everett,Ashbel Smith,May 13 1842
Edward Everett,Ashbel Smith,May 13 1842
Ashbel Smith,Samuel Amory,May 13 1842
Samuel Amory,George K. Teulon,May 13 1842
Ashbel Smith,Edward Everett,May 13 1842
Edward Everett,Ashbel Smith,May 15 1842
Ashbel Smith,Edward Everett,May 16 1842
Ashbel Smith,Lord Aberdeen,May 21 1842
Ashbel Smith,Lord Aberdeen,May 27 1842
Lord Aberdeen,Ashbel Smith,May 30 1842
M. P. Russell,Ashbel Smith,June 4 1842
Ashbel Smith,James Reily,June 6 1842
Ashbel Smith,Geo. S. Mcintosh,June 7 1842
Ashbel Smith,Lord Aberdeen,June 14 1842
M. P. Russell,Ashbel Smith,June 15 1842
Lord Aberdeen,Ashbel Smith,June 17 1842
Ashbel Smith,Geo. S. Mcintosh,June 20 1842
Ashbel Smith,Lord Aberdeen,June 24 1842
Lord Aberdeen,Ashbel Smith,June 25 1842
Ashbel Smith,M. P. Russell,June 22 1842
Joseph Hume,Ashbel Smith,June 29 1842
Lachlin M. Rate,Ashbel Smith,June 29 1842
Memorandum concerning War Steamers,be used against Texas,un-
Wm. Pringle,Ashbel Smith,June 29 (?) 1842
M. P. Russell,Ashbel Smith,June 30 1842
William Kennedy,Ashbel Smith,June 30 1842
Arthur Ikin,Ashbel Smith,July 1 1842
Ashbel Smith,Arthur Ikin,July 2 1842
Fox Sons & Co.,Ashbel Smith,July 2 1842
Ashbel Smith,Lord Aberdeen,July 4 1842
Gabriel Shaw,Ashbel Smith,July 5 1842
Ashbel Smith,Joseph Hume,July 5 1842
Ashbel Smith,Lachlin M. Rate,July 7 1842
Wm. Pringle,Ashbel Smith,July 8 1842
Ashbel Smith,Wm. Pringle,July 8 1842
Lachlin M. Rate,Ashbel Smith,July 8 1842
Ashbel Smith,Anson Jones,July 12 1842
Ashbel Smith,Anson Jones,August 13 1842
Ashbel Smith,Wm. Pringle,July 31 1842
Wm. Pringle,Ashbel Smith,August4 1842
Wm. Pringle,Ashbel Smith,August 5 1842
G. W. Terrell,Ashbel Smith,August 20 1842
Charles Elliot,Secretary of State Jones,August 23 1842
G. W. Terrell,Charles Elliot,August 29 1842
G. W. Terrell,Lord Aberdeen,August 30 1842
Ashbel Smith,Lord Aberdeen,August 15 1842
Charles Elliot,G. W. Terrell,September 10 1842
Joseph Waples,Charles Elliot,September 14 1842
Ashbel Smith,Anson Jones,September 19 1842
Ashbel Smith,Lord Aberdeen,September 14 1842
Ashbel Smith,H. U. Addington,September 14 1842
Ashbel Smith,Texan Consuls,undated 1018
Ashbel Smith,Anson Jones,September 19 1842
Ashbel Smith,Lord Aberdeen,September 19 1842
Charles Elliot,Anson Jones,September 26 1842
Ashbel Smith,Anson Jones,October 3 1842
Ashbel Smith,Anson Jones,October 3 1842
James Hamilton,Anson Jones,October 5 1842
Ashbel Smith,Anson Jones,October 17 1842
Ashbel Smith,Anson Jones,October 19 1842
Lord Aberdeen,Ashbel Smith,July 16 1842
Lord Aberdeen,Ashbel Smith,September 21 1842
Lord Aberdeen,Ashbel Smith,September 27 1842
Ashbel Smith,Lord Aberdeen,October 10 1842
Charles Elliot,G. W. Terrell,October 31 1842
James Hamilton,Anson Jones,November 25 1842
James Hamilton,Anson Jones,November 25 1842
James Hamilton,Lords of the Treasury,undated. 1048
H. U. Addington,James Hamilton,August 19 1842
James Hamilton,Senior Officer of British Navy,August 23 1842
G. W. Terrell,Charles Elliot,Decembers 1842
G. W. Terrell,Ashbel Smith,December 7 1842
Charles Elliot,G. W. Terrell,December 13 1842
Anson Jones,Sam Houston,December 24 1842
Anson Jones,Charles Elliot,December 24 1842
Ashbel Smith,Anson Jones,December 30 1842
Lord Aberdeen,Ashbel Smith,November 8 1842
Ashbel Smith,Lord Aberdeen,December 10 1842
Ashbel Smith,Lord Aberdeen,December 12 1842
Ashbel Smith,Lachlin M. Rate,December 24 1842
Charles Elliot,Anson Jones,January 17 1843
Anson Jones,Ashbel Smith,January 18 1843
Anson Jones,Ashbel Smith,January 19 1843
Anson Jones,Ashbel Smith,January 23 1843
Charles Elliot,Anson Jones,February 7 1843
Sam Houston,Charles Elliot,May 6 1843
Anson Jones,Ashbel Smith,May 8 1843
Charles Elliot,Anson Jones,June 10 1843
Percy W. Doyle,Charles Elliot,May 27 1843
Anson Jones,Charles Elliot,June 15 1843
Anson Jones,Ashbel Smith,June 15 1843
Ashbel Smith,Wm. Henry Daingerfield,June 16 1843
Ashbel Smith,Anson Jones,June 16 1843
Charles Elliot,Anson Jones,June 18 1843
Anson Jones,Charles Elliot,June 28 1843
Ashbel Smith,Wm. Henry Daingerfield,June 28 1843
Ashbel Smith,Anson Jones,July 2 1843
Ashbel Smith,Isaac Van Zandt,January 25 1843
Ashbel Smith,Isaac Van Zandt,January 25 1843
Ashbel Smith,Anson Jones,July 3 1843
Ashbel Smith,Wm. Henry Daingerfield,July 6 1843
Ashbel Smith,Wm. Henry Daingerfield,July 11 1843
Ashbel Smith,Wm. Henry Daingerfield,July 17 1843
Ashbel Smith,Anson Jones,July 21 1843
Charles Elliot,Anson Jones,July 24 1843
Anson Jones,Charles Elliot,July 30 1843
Ashbel Smith,Anson Jones,July 31 1843
Charles Elliot,Anson Jones,August 17 1843
Anson Jones,Ashbel Smith,August 20 1843
Ashbel Smith,Anson Jones,August 22 1843
Baron de Cetto,Ashbel Smith,August 15 1843
Ashbel Smith,Baron de Cetto,August 21 1843
Charles Elliot,Anson Jones,August 28 1843
Anson Jones,Charles Elliot,September 4 1843
Anson Jones,Charles Elliot,September 4 1843
Charles Elliot,Anson Jones,September 15 1843
Anson Jones,Charles Elliot,September 16 1843
Anson Jones,Charles Elliot,September 19 1843
Ashbel Smith,Anson Jones,September 20 1843
Ashbel Smith,Lord Aberdeen,August 10 1843
Charles Elliot,Anson Jones,September 28 1843
Anson Jones,Ashbel Smith,September 30 1843
Charles Elliot,Anson Jones,October 28 1843
Charles Elliot,Anson Jones,November 15 1843
Ashbel Smith,Anson Jones,November 29 1843
Edward Everett,Ashbel Smith,October 24 1843
Ashbel Smith,Edward Everett,October 31 1843
Charles Elliot,Anson Jones,January 4 1844
Anson Jones,Charles Elliot,February 16 1844
Anson Jones,Charles Elliot,February 19 1844
Charles Elliot,Anson Jones,March 22 1844
Charles Elliot,Anson Jones,March 22 1844
Ashbel Smith,Anson Jones,June 18 1844
Ashbel Smith,Anson Jones,June 24 1844
Anson Jones,Ashbel Smith,July 14 1844
Ashbel Smith,Anson Jones,July 31 1844
Holford & Co.,Ashbel Smith,undated 1159
Holford & Co.,Ashbel Smith,July 21 1842
Anson Jones,Ashbel Smith,August 1 1844
Ashbel Smith,Anson Jones,September 27 1844
Ashbel Smith,Anson Jones,October 4 1844
William Kennedy,Anson Jones,October 21 1844
Anson Jones,G. W. Terrell,October 29 1844
Anson Jones,William Kennedy,October 30 1844
William Kennedy,Anson Jones,November 8 1844
John Hall,William Kennedy,November 13 1844
Ebenezer Allen,William Kennedy,December 23 1844
G. W. Terrell,Ashbel Smith,January 21 1845
G. W. Terrell,Wm. Henry Daingerfield,January 21 1845
G. W. Terrell,Ashbel Smith,January 27 1845
G. W. Terrell,Ashbel Smith,February 13 1845
Charles Elliot,Ashbel Smith,February 27 1845
G. W. Terrell,Wm. Henry Daingerfield,March 22 1845
G. W. Terrell,Ashbel Smith,May 3 1845
G. W. Terrell,Lord Clarendon,May 5 1845
G. W. Terrell,Ashbel Smith,May 9 1845
Ebenezer Allen,Ashbel Smith,May 10 1845
Ashbel Smith,Ebenezer Allen,May 17 1845
Ashbel Smith,Secretary of State [Allen],June 3 1845
Ebenezer Allen,Ashbel Smith,July 2 1845
Ebenezer Allen,Charles Elliot,July 10 1845
Charles Elliot,Ebenezer Allen,January 4 1846
Lord Aberdeen,Charles Elliot,December 3 1845
Ebenezer Allen,Charles Elliot,February 4 1846
J. Pinckney Henderson,R. A. Irion,June 2 1838
J. Pinckney Henderson,Count Mol6,April 28 1838
J. Pinckney Henderson,Count Mol6,May 26 1838
Count Mol6,J. Pinckney Henderson,May 29 1838
J. Pinckney Henderson,Count Mol6,June 1 1838
R. A. Irion,J. Pinckney Henderson,August 7 1838
R. A. Irion,J. Pinckney Henderson,September 7 1838
J. Pinckney Henderson,R. A. Irion,October 5; 1838 1220
J. Pinckney Henderson,Count Mol6,August 16 1838
J. Pinckney Henderson,Count Mol6,September 26 1838
Count Mol6,J. Pinckney Henderson,September 30 1838
J. Pinckney Henderson,Count Mol6,October 1 1838
J. Pinckney Henderson,Secretary of State [Irion],October 28 1838
J. Pinckney Henderson,R. A. Irion,October 28 1838
J. Pinckney Henderson,Mirabeau B. Lamar,October 28 1838
J. Pinckney Henderson,Secretary of State [Irion],November 12 1838
Count Mol6,J. Pinckney Henderson,November 2 1838
J. Pinckney Henderson,Count Mol6,November 7 1838
J. Pinckney Henderson,Count Mol6,November 12 1838
J. Pinckney Henderson,Secretary of State [Irion],November 23 1838
J. Pinckney Henderson,Secretary of State [Bee],January 26 1839
J. Pinckney Henderson,Mirabeau B. Lamar,February 26 1839
J. Pinckney Henderson,Barnard E. Bee,February 27 1839
J. Pinckney Henderson,Barnard E. Bee,March 10 1839
Abb6 Anduz6,Mirabeau B. Lamar,April 18 1839
James Webb,Abb6 Anduz6,April 25 1839
James Webb,Admiral Baudin,April 25 1839
J. Pinckney Henderson,James Webb,April 28 1839
J. Pinckney Henderson,James Webb,April 28 1839
J. Pinckney Henderson,James Webb,May 14 1839
J. Pinckney Henderson,Secretary of State [Burnet],June 13 1839
Hamilton and Burnley,Mirabeau B. Lamar,June 22 1839
James Hamilton,David G. Burnet,June 22 1839
J. Pinckney Henderson,Secretary of State,July 26 1839
J. Pinckney Henderson,Secretary of State,July 26 1839
J. Pinckney Henderson,Secretary of State [Burnet],August 5 1839
Lewis Cass,J. Pinckney Henderson,August 3 1839
David G. Burnet,James Hamilton,August 10 1839
J. Pinckney Henderson,David G. Burnet,August 20 1839
J. Pinckney Henderson,Secretary of State [Burnet],October 16 1839
Abner S. Lipscomb,James Hamilton,February 24 1840
A. de Saligny,Abner S. Lipscomb,March 6 1840
James Hamilton,Mirabeau B. Lamar,March 24 1840
A. T. Burnley,Mirabeau B. Lamar,January 30 1841
James Hamilton,Abner S. Lipscomb,February 1 1841
James Hamilton,M. Guizot,January 21 1841
James Hamilton,Abner S. Lipscomb,February 7 1841
James Hamilton,Henry Castro,February 11 1841
A. de Saligny,Secretary of State [Mayfield],February 19 1841
James S. Mayfield,A. de Saligny,February 20 1841
A. de Saligny,James S. Mayfield,February 21 1841
James S. Mayfield,A. de Saligny,February 22 1841
Henry J. Jewett,James S. Mayfield,February 22 1841
A. de Saligny,James S. Mayfield,February 23 1841
James S. Mayfield,A. de Saligny,February 23 1841
A. de Saligny,James S. Mayfield,February 24 1841
James S. Mayfield,A. de Saligny,February 25 1841
A. de Saligny,James S. Mayfield,February 28 1841
James Hamilton,Abner S. Lipscomb,March 3 1841
James S. Mayfield,A. de Saligny,March 15 1841
A. de Saligny,James S. Mayfield,March 21  1841
A. de Saligny,James S. Mayfield,March 25 1841
James S. Mayfield,A. de Saligny,March 29 1841
A. de Saligny,James S. Mayfield,March 31 1841
James S. Mayfield,Thos. Gales Forster,April 3 1841
James S. Mayfield,Wm. Henry Daingerfield,April 3 1841
James S. Mayfield,A. de Saligny,April 5 1841
James S. Mayfield,Geo. S. Mcintosh,April 8 1841
James S. Mayfield,Henry J. Jewett,April 25 1841
James S. Mayfield,Geo. S. Mcintosh,May 12 1841
Wm. Sevey,James S. Mayfield,March 29 1841
James H. Starr,Wm. Sevey,August 4 1840
Thos. Gales Forster,James S. Mayfield,April 4 1841
Henry J. Jewett,James S. Mayfield,February 24 1841
James S. Mayfield,Henry J. Jewett,February 20 1841
A. Hutchinson,James S. Mayfield,February 23 1841
James Hamilton,Mirabeau B. Lamar,May 17 1841
Nathaniel Amory,James Hamilton,May 15 1841
Nathaniel Amory,Geo. S. Mcintosh,May 30 1841
Nathaniel Amory,James Hamilton,May 30 1841
James Hamilton,James S. Mayfield,July 16 1841
James Hamilton,M. Guizot,July 12 1841
James Hamilton,James S. Mayfield,July 22 1841
James Hamilton,M. Guizot,July 21 1841
Geo. S. Mcintosh,Secretary of State [Roberts],September 8 1841
Geo. S. Mcintosh,M. Guizot,July 4 1841
Geo. S. Mcintosh,M. Guizot,August 12 1841
M. Guizot,Geo. S. Mcintosh,August 18 1841
Geo. S. Mcintosh,M. Guizot,September 3 1841
Samuel A. Roberts,Geo. S. Mcintosh,September 26 1841
Geo. S. Mcintosh,James S. Mayfield,November 15 1841
A. de Saligny,Anson Jones,January 16 1842
Anson Jones,Geo. S. Mcintosh,January 20 1842
Anson Jones,Ashbel Smith,February 5 1842
Anson Jones,A. de Saligny,March 2 1842
Ashbel Smith,Anson Jones,March 15 1842
Ashbel Smith,Anson Jones,March 16 1842
A. de Saligny,Anson Jones,April 29 1842
Alleye de Cyprey,A. de Saligny,December 30 1840
A. Gloux,Alleye de Cyprey,December 19 1840
Declaration of Wyse as,goods shipped on Santa Maria,October 28 1840
Wm. Henry Daingerfield,Secretary of State Jones,May 17 1842
A. de Saligny,Sam Houston,June 6 1842
A. de Saligny,Anson Jones,June 7 1842
Sam Houston,A. de Saligny,June 8 1842
Anson Jones,A. de Saligny,June 8 1842
A. de Saligny,Anson Jones,June 20 1842
Ashbel Smith,Geo. S. Mcintosh,May 12 1842
Ashbel Smith,Theodore Barbey,May 13 1842
Geo. S. Mcintosh,Ashbel Smith,May 18 1842
Henry Castro,Ashbel Smith,May 23 1842
Ashbel Smith,Geo. S. Mcintosh,June 1 1842
Henry Castro,Ashbel Smith,June 4 1842
Henry Castro,Ashbel Smith,June 12 1842
Henry Castro,Ashbel Smith,June 15 1842
Theodore Barbey,Ashbel Smith,June 28 1842
Henry Castro,Ashbel Smith,June 28 1842
Geo. S. Mcintosh,Ashbel Smith,June 29 1842
Ashbel Smith,Theodore Barbey,June 30 1842
Sam Houston,Ashbel Smith,July 15 1842
Ashbel Smith,Anson Jones,August 1 1842
Ashbel Smith,Anson Jones,August 15 1842
Ashbel Smith,Anson Jones,August 31 1842
Ashbel Smith,M. Guizot,August 15 1842
Ashbel Smith,Anson Jones,October 21 1842
Ashbel Smith,Anson Jones,October 31 1842
Ashbel Smith,Anson Jones,November 2 1842
Ashbel Smith,Anson Jones,November 11 1842
Ashbel Smith,Anson Jones,November 12 1842
Ashbel Smith,Anson Jones,November 13 1842
M. Guizot,Ashbel Smith,August 22 1842
Ashbel Smith,M. Guizot,November 4 1842
M. Guizot,Ashbel Smith,November 8 1842
Ashbel Smith,M. Guizot,November 10 1842
Ashbel Smith,Anson Jones,November 30 1842
G. W. Terrell,Ashbel Smith,December 10 1842
Anson Jones,Ashbel Smith,December 23 1842
Anson Jones,Ashbel Smith,December 26 1842
Anson Jones,Al. Bourgeois,December 26 1842
Ashbel Smith,Anson Jones,December 30 1842
Ashbel Smith,Anson Jones,January 11 1843
Viscount J. de Cramayel,Anson Jones,January 16 1843
Ashbel Smith,Anson Jones,January 28 1843
Viscount J. de Cramayel,Anson Jones,January 28 1843
Anson Jones,Viscount J. de Cramayel,February 9 1843
Anson Jones,Viscount J. de Cramayel,February 22 1843
Secretary of State [Jones],Ashbel Smith,February 26 1843
Viscount J. de Cramayel,Anson Jones,March —  1843
Ashbel Smith,Anson Jones,March 31 1843
Ashbel Smith,Anson Jones,April 11 1843
Ashbel Smith,M. Guizot,February 19 1843
M. Guizot,Ashbel Smith,February 28 1843
Ashbel Smith,M. Guizot,March 6 1843
Ashbel Smith,M. Guizot,March 30 1843
M. Guizot,Ashbel Smith,April 8 1843
Ashbel Smith,M. Guizot,April [4] 1843
Ashbel Smith,Anson Jones,April 15 1843
Ashbel Smith,Anson Jones,April 27 1843
M. Guizot,Ashbel Smith,undated 1 1843
Ashbel Smith,M. Guizot,April 25 1843
Henry Castro,Ashbel Smith,March 5 1843
Ashbel Smith,Henry Castro,March 23 1843
Sam Houston,Viscount J. de Cramayel,May 6 1843
Anson Jones,Viscount J. de Cramayel,May 17 1843
Viscount J. de Cramayel,Anson Jones,June 10 1843
Wm. Henry Daingerfield,Ashbel Smith,June 12 1843
Anson Jones,Viscount J. de Cramayel,June 15 1843
Ashbel Smith,Anson Jones,June 16 1843
M. Guizot,Ashbel Smith,April 28 1843
M. Guizot,Ashbel Smith,May 8 1843
Wm. Henry Daingerfield,Ashbel Smith,June 17 1843
Anson Jones,Ashbel Smith,June 21 1843
James Hamilton,Anson Jones,June 27 1843
A. Somervell,M. C. Hamilton,June 27 1843
Wm. Henry Daingerfield,Anson Jones,June 28 1843
Viscount J. de Cramayel,Anson Jones,July 20 1843
Wm. Henry Daingerfield,Secretary of State Jones,July 31 1843
Ashbel Smith,Anson Jones,August 15 1843
Ashbel Smith,M. Guizot,August 23 1843
Ashbel Smith,Anson Jones,September 19 1843
Viscount J. de Cramayel,Anson Jones,September 30 1843
Sam Houston,Anson Jones,October 6 1843
Ashbel Smith,Anson Jones,October 14 1843
Al. Bourgeois,Ashbel Smith,October 8 1843
Charles de Castell,Al. Bourgeois,September 26 1843
Ashbel Smith,Al. Bourgeois,October 3 1843
Anson Jones,Viscount J. de Cramayel,October 20 1843
Ashbel Smith,Anson Jones,October 30 1843
Wm. Henry Daingerfield,Ashbel Smith,November 8 1843
Ashbel Smith,Anson Jones,December 30 1843
Ashbel Smith,Anson Jones,January 29 1844
Ashbel Smith,Anson Jones,February 26 1844
Anson Jones,Ashbel Smith,March 26 1844
Ashbel Smith,Anson Jones,May 6 1844
Ashbel Smith,Anson Jones,June 2 1844
Ashbel Smith,Anson Jones,August 13 1844
Ashbel Smith,Anson Jones,October 16 1844
Ashbel Smith,Anson Jones,November 13 1844
M. Guizot,Anson Jones,December 4 1844
A. de Saligny,Ashbel Smith,March 4 1845
Ashbel Smith,A. de Saligny,March 13 1845
G. W. Terrell,Ashbel Smith,March 18 1845
Terrell's address,the King of France,undated 1496
Reply of the King of France,Terrell's address,undated 1497
G. W. Terrell,M. Guizot,March 15 1845
Ashbel Smith,A. de Saligny,March 21 1845
A. de Saligny,Ebenezer Allen,January 14 1846
Ebenezer Allen,A. de Saligny,February 10 1846
Ashbel Smith,Washington Irving,September 7 1842
Ashbel Smith,Anson Jones,September 8 1842
Ashbel Smith,General Sancho,September 7 1842
Anson Jones,Ashbel Smith,February 16 1843
Ashbel Smith,Martinez de La Rosa,February 1844
Wm. Henry Daingerfield,Lachlin M. Rate,January 26 1845
Wm. Henry Daingerfield,Baron Roenne,January 27 1845
Wm. Henry Daingerfield,G. W. Terrell,February 5 1845
James Hamilton,Abner S. Lipscomb,September 10 1840
James Hamilton,Abner S. Lipscomb,January 4 1841
James Hamilton,Secretary of State [Roberts],November 3 1841
Anson Jones,Victor Pirson,March 4 1842
Wm. Henry Daingerfield,Anson Jones,May 16 1843
Wm. Henry Daingerfield,Count d' Alviella,December 14 1843
James Hamilton,Abner S. Lipscomb,July 3 1840
Abner S. Lipscomb,James Hamilton,September 15 1840
James Hamilton,Abner S. Lipscomb,October 3 1840
Anson Jones,Wm. Henry Daingerfield,March 26 1842
Anson Jones,James Hamilton,June 4 1842
Anson Jones,Wm. Henry Daingerfield,January 20 1843
Wm. Henry Daingerfield,Anson Jones,November 12 1843
Henry Castro,Anson Jones,October 25 1843
Anson Jones,Wm. Henry Daingerfield,July 14 1844
Wm. Henry Daingerfield,Lachlin M. Rate,December 12 1844
Wm. Henry Daingerfield,Anson Jones,February 3 1843
Anson Jones,Wm. Henry Daingerfield,February 20 1843
Wm. Henry Daingerfield,Anson Jones,September 25 1843
Wm. Henry Daingerfield,V. Rumpff,January 5 1844
Wm. Henry Daingerfield,Ashbel Smith,February 14 1844
Wm. Henry Daingerfield,V. Rumpff,March 17 1844
Wm. Henry Daingerfield,V. Rumpff,March 27 1844
Wm. Henry Daingerfield,Anson Jones,April 20 1844
Wm. Henry Daingerfield,Anson Jones,April 22 1844
Wm. Henry Daingerfield,Anson Jones,July 28 1844
Wm. Henry Daingerfield,Senator Gildmeister,December 21 1844
R. Sieveking,Wm. Henry Daingerfield,January 13 1845
Wm. Henry Daingerfield,G. W. Terrell,January 14 1845
Ashbel Smith,Wm. Henry Daingerfield,February 13 1845
Wm. Henry Daingerfield,Ebenezer Allen,July 1 1845
Wm. Henry Daingerfield,Ashbel Smith,July 1 1845
Wm. Henry Daingerfield,R. Sieveking,October 1 1845
Wm. Henry Daingerfield,Ebenezer Allen,February 2 1846
